email,name,email_domain,is_personal_email,is_ghost_member,is_mailerlite_subscriber,is_walker_visitor,email_count,email_opened_count,email_open_rate,mailerlite_status,mailerlite_subscribed_at,first_seen
aevans@techcorp.com,Aiden Evans,techcorp.com,False,True,True,False,42,4,9.5,active,2024-05-22 16:06:47,2024-02-10 05:53:16
aiden.wright@streamline.io,Aiden Wright,streamline.io,False,True,True,False,9,3,33.3,active,2024-01-23 01:39:41,2024-01-23 01:39:41
aidenjones@hotmail.com,Aiden Jones,hotmail.com,True,True,True,True,46,14,30.4,bounced,2024-05-03 13:22:35,2024-02-06 20:41:48
alice.collins@hotmail.com,,hotmail.com,True,False,True,False,0,0,0.0,active,2024-09-04 22:15:03,2024-09-04 22:15:03
alice.white75@fusionworks.com,,fusionworks.com,False,False,True,False,0,0,0.0,active,2024-05-06 03:15:35,2024-05-06 03:15:35
aliceclark@bluewave.tech,Alice Clark,bluewave.tech,False,True,True,False,65,53,81.5,unsubscribed,2024-06-04 08:00:23,2024-05-01 09:50:50
alicehernandez@yahoo.com,Alice Hernandez,yahoo.com,True,True,True,True,33,25,75.8,active,2025-01-22 21:31:13,2024-02-22 17:03:57
alicenelson@pixelcraft.design,,pixelcraft.design,False,False,True,False,0,0,0.0,unsubscribed,2024-09-12 02:06:11,2024-09-12 02:06:11
athompson@protonmail.com,Aiden Thompson,protonmail.com,True,True,False,False,79,71,89.9,,,2025-06-25 09:01:35
bdavis@icloud.com,,icloud.com,True,False,True,False,0,0,0.0,active,2024-04-01 09:05:24,2024-04-01 09:05:24
bella.davis76@icloud.com,Bella Davis,icloud.com,True,True,True,True,33,7,21.2,bounced,2024-03-20 15:08:10,2024-03-20 15:08:10
bella.stewart90@hotmail.com,Bella Stewart,hotmail.com,True,True,True,False,43,10,23.3,unsubscribed,2024-11-27 05:14:56,2024-05-22 14:04:08
bella.stewart@hotmail.com,,hotmail.com,True,False,True,False,0,0,0.0,active,2025-04-26 15:51:06,2025-04-26 15:51:06
bella.taylor35@bluewave.tech,Bella Taylor,bluewave.tech,False,True,False,False,68,47,69.1,,,2024-09-01 02:22:50
bella.wright44@greenleaf.org,Bella Wright,greenleaf.org,False,True,False,False,57,28,49.1,,,2025-02-03 23:47:13
bob.taylor95@yahoo.com,,yahoo.com,True,False,True,False,0,0,0.0,active,2024-02-02 18:55:32,2024-02-02 18:55:32
caleb.davis90@hotmail.com,Caleb Davis,hotmail.com,True,True,True,True,65,43,66.2,active,2024-07-17 16:05:39,2024-02-19 06:38:25
caleb.lee@icloud.com,,icloud.com,True,False,True,False,0,0,0.0,active,2025-03-26 20:02:29,2025-03-26 20:02:29
calebbrown@outlook.com,Caleb Brown,outlook.com,True,True,True,True,53,34,64.2,active,2025-01-17 14:08:17,2024-02-15 14:03:36
calebjones@yahoo.com,Caleb Jones,yahoo.com,True,True,False,False,61,8,13.1,,,2024-09-23 12:21:39
canderson@acme.io,Caleb Anderson,acme.io,False,True,True,False,67,47,70.1,active,2024-12-31 15:15:05,2024-12-31 15:15:05
carol.edwards@gmail.com,Carol Edwards,gmail.com,True,True,True,True,25,3,12.0,active,2024-09-13 10:36:39,2024-02-03 12:53:59
cnelson@yahoo.com,Caleb Nelson,yahoo.com,True,True,False,False,52,6,11.5,,,2024-09-16 11:15:33
dan.adams@yahoo.com,Dan Adams,yahoo.com,True,True,True,False,66,43,65.2,active,2024-01-03 23:40:18,2024-01-03 23:40:18
dan.green@greenleaf.org,Dan Green,greenleaf.org,False,True,True,False,80,15,18.8,active,2024-07-21 16:09:33,2024-07-21 16:09:33
dan.hernandez@greenleaf.org,Dan Hernandez,greenleaf.org,False,True,False,False,30,22,73.3,,,2025-03-02 09:41:59
dan.jackson11@techcorp.com,Dan Jackson,techcorp.com,False,True,True,False,11,4,36.4,active,2024-01-18 18:42:03,2024-01-18 18:42:03
dan.martinez@protonmail.com,Dan Martinez,protonmail.com,True,True,False,False,40,30,75.0,,,2025-03-22 07:01:30
dan.thomas97@protonmail.com,Dan Thomas,protonmail.com,True,True,True,True,7,6,85.7,unsubscribed,2024-11-05 12:09:29,2024-03-28 15:56:35
dan.wright@hotmail.com,,hotmail.com,True,False,True,False,0,0,0.0,active,2024-01-06 18:19:24,2024-01-06 18:19:24
danevans@acme.io,Dan Evans,acme.io,False,True,False,True,40,20,50.0,,,2024-03-16 16:20:37
danwhite@outlook.com,Dan White,outlook.com,True,True,False,False,6,2,33.3,,,2024-09-16 00:29:22
ddavis@dataflow.dev,,dataflow.dev,False,False,True,False,0,0,0.0,active,2024-06-23 08:19:26,2024-06-23 08:19:26
dflores@protonmail.com,Diana Flores,protonmail.com,True,True,True,True,38,15,39.5,active,2024-02-13 04:40:57,2024-02-13 04:40:57
diana.allen25@fusionworks.com,Diana Allen,fusionworks.com,False,True,True,False,17,6,35.3,active,2025-03-18 21:36:22,2025-03-18 21:36:22
diana.harris31@ironclad.dev,Diana Harris,ironclad.dev,False,True,False,False,50,13,26.0,,,2024-11-02 20:09:02
diana.jackson@techcorp.com,,techcorp.com,False,False,True,False,0,0,0.0,active,2025-03-18 20:19:00,2025-03-18 20:19:00
diana.mitchell6@icloud.com,Diana Mitchell,icloud.com,True,True,False,False,71,30,42.3,,,2024-02-03 07:07:51
diana.nguyen15@hotmail.com,Diana Nguyen,hotmail.com,True,True,False,False,23,17,73.9,,,2025-01-07 23:40:34
diana.parker@hotmail.com,,hotmail.com,True,False,True,True,0,0,0.0,active,2025-03-13 08:33:55,2024-05-07 14:42:31
diana.robinson90@ironclad.dev,,ironclad.dev,False,False,True,False,0,0,0.0,active,2025-02-05 11:40:10,2025-02-05 11:40:10
diana.wilson4@pixelcraft.design,Diana Wilson,pixelcraft.design,False,True,True,True,26,12,46.2,unsubscribed,2024-12-27 11:08:36,2024-07-23 03:27:33
diana.wright66@yahoo.com,,yahoo.com,True,False,True,False,0,0,0.0,active,2025-03-08 03:22:25,2025-03-08 03:22:25
dianaramirez@yahoo.com,Diana Ramirez,yahoo.com,True,True,True,False,35,10,28.6,active,2024-09-14 12:44:46,2024-09-14 12:44:46
dking@fusionworks.com,Diana King,fusionworks.com,False,True,True,True,55,45,81.8,active,2025-04-22 14:56:44,2024-04-29 20:40:20
dmartin@sparkline.co,,sparkline.co,False,False,True,False,0,0,0.0,active,2024-06-05 13:43:57,2024-06-05 13:43:57
ehill@hotmail.com,Eva Hill,hotmail.com,True,True,True,False,25,4,16.0,active,2024-05-27 09:24:47,2024-05-27 09:24:47
ejackson@yahoo.com,Eva Jackson,yahoo.com,True,True,True,False,66,24,36.4,active,2024-03-14 07:56:37,2024-03-14 07:56:37
emoore@outlook.com,,outlook.com,True,False,True,False,0,0,0.0,active,2025-04-19 21:40:56,2025-04-19 21:40:56
ethan.nelson24@novalabs.ai,,novalabs.ai,False,False,True,False,0,0,0.0,active,2024-09-13 16:48:12,2024-09-13 16:48:12
ethan.white15@cloudhub.net,Ethan White,cloudhub.net,False,True,True,False,80,41,51.2,active,2024-07-18 19:04:12,2024-07-18 19:04:12
ethanjones@pixelcraft.design,Ethan Jones,pixelcraft.design,False,True,True,False,34,9,26.5,active,2025-05-04 17:52:52,2024-04-22 18:59:23
ethompson@greenleaf.org,,greenleaf.org,False,False,True,False,0,0,0.0,active,2025-04-11 00:01:42,2025-04-11 00:01:42
eva.adams54@acme.io,Eva Adams,acme.io,False,True,False,False,36,22,61.1,,,2024-08-31 12:32:01
eva.allen60@protonmail.com,Eva Allen,protonmail.com,True,True,True,True,10,1,10.0,active,2024-09-17 04:34:21,2024-02-21 20:51:35
eva.flores17@yahoo.com,Eva Flores,yahoo.com,True,True,True,False,46,36,78.3,unsubscribed,2025-01-04 19:11:44,2024-07-02 14:39:39
eva.martinez87@brightside.co,Eva Martinez,brightside.co,False,True,False,False,79,26,32.9,,,2025-04-29 05:11:52
eva.mitchell@bluewave.tech,Eva Mitchell,bluewave.tech,False,True,True,True,80,69,86.2,active,2024-07-27 01:33:15,2024-03-05 15:09:22
eva.nguyen@techcorp.com,Eva Nguyen,techcorp.com,False,True,False,False,27,17,63.0,,,2025-06-08 12:30:58
eva.young@protonmail.com,Eva Young,protonmail.com,True,True,True,True,66,9,13.6,unsubscribed,2025-02-12 13:40:42,2024-04-01 10:02:56
evaflores@protonmail.com,Eva Flores,protonmail.com,True,True,True,False,27,7,25.9,active,2025-01-17 15:31:34,2025-01-17 15:31:34
fcarter@hotmail.com,Fiona Carter,hotmail.com,True,True,False,False,54,20,37.0,,,2024-01-07 15:58:13
fcollins@techcorp.com,Fiona Collins,techcorp.com,False,True,True,False,12,3,25.0,active,2025-06-15 01:55:17,2025-04-22 20:21:57
fiona.davis18@protonmail.com,Fiona Davis,protonmail.com,True,True,False,True,72,18,25.0,,,2024-04-25 01:30:08
fiona.lee@protonmail.com,,protonmail.com,True,False,True,False,0,0,0.0,active,2025-05-18 08:12:14,2024-04-16 20:00:55
fiona.moore4@outlook.com,,outlook.com,True,False,True,False,0,0,0.0,active,2024-01-11 14:09:26,2024-01-11 14:09:26
fiona.young@icloud.com,Fiona Young,icloud.com,True,True,False,True,18,8,44.4,,,2024-03-01 14:06:20
fionajones@hotmail.com,Fiona Jones,hotmail.com,True,True,False,False,59,51,86.4,,,2024-08-24 19:21:15
fmitchell@outlook.com,Fiona Mitchell,outlook.com,True,True,True,False,60,37,61.7,active,2024-08-12 19:42:53,2024-08-12 19:42:53
frank.moore36@greenleaf.org,Frank Moore,greenleaf.org,False,True,False,False,20,12,60.0,,,2025-03-25 15:13:35
frankcarter@fusionworks.com,,fusionworks.com,False,False,True,False,0,0,0.0,unsubscribed,2024-05-30 07:51:06,2024-05-30 07:51:06
frankflores@gmail.com,Frank Flores,gmail.com,True,True,True,True,16,11,68.8,active,2024-03-15 11:08:33,2024-03-15 11:08:33
frankflores@hotmail.com,Frank Flores,hotmail.com,True,True,True,False,17,14,82.4,active,2024-05-21 00:14:03,2024-05-21 00:14:03
george.evans91@yahoo.com,,yahoo.com,True,False,True,False,0,0,0.0,active,2024-07-19 10:15:15,2024-07-19 10:15:15
george.kim@outlook.com,,outlook.com,True,False,True,False,0,0,0.0,active,2024-01-05 23:40:24,2024-01-05 23:40:24
george.mitchell@protonmail.com,,protonmail.com,True,False,True,False,0,0,0.0,active,2024-04-13 14:49:21,2024-04-13 14:49:21
george.ramirez@sparkline.co,George Ramirez,sparkline.co,False,True,True,False,18,8,44.4,active,2025-02-13 14:13:10,2024-12-03 06:18:50
george.roberts92@yahoo.com,George Roberts,yahoo.com,True,True,True,True,44,30,68.2,active,2025-06-19 09:38:54,2024-01-09 16:44:55
george.smith60@pixelcraft.design,George Smith,pixelcraft.design,False,True,False,False,9,4,44.4,,,2024-01-10 16:50:47
georgecollins@outlook.com,George Collins,outlook.com,True,True,True,True,39,23,59.0,active,2024-05-22 13:33:09,2024-03-21 04:48:10
gflores@gmail.com,,gmail.com,True,False,True,False,0,0,0.0,active,2025-02-22 02:10:46,2025-02-22 02:10:46
gnguyen@hotmail.com,Grace Nguyen,hotmail.com,True,True,True,True,56,48,85.7,active,2024-03-14 02:22:48,2024-03-14 02:22:48
grace.smith62@outlook.com,Grace Smith,outlook.com,True,True,False,True,55,26,47.3,,,2024-09-15 13:40:11
graceking@bluewave.tech,Grace King,bluewave.tech,False,True,True,False,8,1,12.5,active,2024-12-22 21:45:40,2024-06-17 01:03:05
graceparker@icloud.com,Grace Parker,icloud.com,True,True,True,False,56,11,19.6,active,2024-02-23 14:50:39,2024-02-05 19:50:41
gracestewart@hotmail.com,,hotmail.com,True,False,True,False,0,0,0.0,active,2024-02-13 05:57:51,2024-02-13 05:57:51
gthomas@hotmail.com,Grace Thomas,hotmail.com,True,True,True,False,45,25,55.6,unsubscribed,2025-05-09 11:20:58,2024-07-31 01:20:53
hank.flores@yahoo.com,Hank Flores,yahoo.com,True,True,True,False,33,21,63.6,active,2025-01-16 05:47:48,2024-01-22 16:54:55
hank.kim@ironclad.dev,,ironclad.dev,False,False,True,False,0,0,0.0,active,2024-06-12 23:34:34,2024-06-12 23:34:34
hankjackson@hotmail.com,Hank Jackson,hotmail.com,True,True,True,False,11,4,36.4,active,2024-05-05 11:28:47,2024-05-05 11:28:47
hankramirez@fusionworks.com,Hank Ramirez,fusionworks.com,False,True,True,False,15,8,53.3,active,2025-01-30 09:44:37,2024-07-22 05:49:46
hdavis@streamline.io,Holly Davis,streamline.io,False,True,True,True,26,14,53.8,active,2024-02-22 13:53:47,2024-02-02 17:13:52
holly.martin@acme.io,Holly Martin,acme.io,False,True,True,True,80,22,27.5,active,2025-03-07 02:20:10,2024-06-09 10:46:49
holly.thomas53@icloud.com,,icloud.com,True,False,True,False,0,0,0.0,bounced,2024-02-04 14:01:49,2024-02-04 14:01:49
holly.turner@yahoo.com,,yahoo.com,True,False,True,False,0,0,0.0,active,2024-09-19 18:01:57,2024-01-21 01:11:33
hollyadams@hotmail.com,,hotmail.com,True,False,True,False,0,0,0.0,active,2025-03-08 16:25:00,2025-03-08 16:25:00
hollyallen@yahoo.com,Holly Allen,yahoo.com,True,True,True,False,60,44,73.3,active,2024-06-20 00:21:59,2024-02-09 02:49:21
hscott@outlook.com,,outlook.com,True,False,True,False,0,0,0.0,active,2024-01-15 09:29:08,2024-01-15 09:29:08
hwhite@outlook.com,Hank White,outlook.com,True,True,True,True,48,32,66.7,active,2024-08-05 00:14:20,2024-01-15 07:18:05
idavis@icloud.com,Ivan Davis,icloud.com,True,True,True,False,50,24,48.0,active,2024-04-26 04:00:57,2024-04-26 04:00:57
iedwards@outlook.com,Ivan Edwards,outlook.com,True,True,True,False,43,34,79.1,active,2025-06-16 16:51:49,2024-01-01 02:13:26
iflores@brightside.co,Ivan Flores,brightside.co,False,True,True,False,41,32,78.0,active,2024-05-23 15:33:27,2024-04-22 00:46:18
ilee@brightside.co,,brightside.co,False,False,True,False,0,0,0.0,active,2024-08-17 10:51:52,2024-08-17 10:51:52
imorris@acme.io,Ivan Morris,acme.io,False,True,True,False,14,5,35.7,active,2024-07-21 03:16:14,2024-07-21 03:16:14
iris.stewart@icloud.com,Iris Stewart,icloud.com,True,True,True,False,26,22,84.6,unsubscribed,2025-06-21 11:30:28,2024-09-24 15:18:05
irobinson@hotmail.com,Ivan Robinson,hotmail.com,True,True,True,True,11,6,54.5,active,2024-04-12 01:12:43,2024-04-12 01:12:43
iscott@hotmail.com,,hotmail.com,True,False,True,False,0,0,0.0,active,2024-12-24 15:42:35,2024-03-03 10:05:12
ismith@yahoo.com,Iris Smith,yahoo.com,True,True,True,False,26,22,84.6,active,2024-10-12 07:22:20,2024-09-02 04:13:00
jack.jones@outlook.com,Jack Jones,outlook.com,True,True,False,False,66,48,72.7,,,2024-05-28 10:06:02
jack.thomas@gmail.com,Jack Thomas,gmail.com,True,True,False,True,23,16,69.6,,,2024-02-03 00:40:35
jack.wilson@yahoo.com,,yahoo.com,True,False,True,False,0,0,0.0,active,2024-12-20 01:22:51,2024-12-20 01:22:51
jack.wright43@hotmail.com,Jack Wright,hotmail.com,True,True,False,True,47,32,68.1,,,2024-02-15 07:09:07
jackmartinez@novalabs.ai,Jack Martinez,novalabs.ai,False,True,False,False,11,4,36.4,,,2024-06-02 17:04:42
jackmoore@yahoo.com,Jack Moore,yahoo.com,True,True,False,True,28,12,42.9,,,2024-02-11 00:24:12
jkim@hotmail.com,Jack Kim,hotmail.com,True,True,True,False,29,14,48.3,active,2025-03-15 21:28:41,2024-12-04 21:03:32
jrobinson@outlook.com,Julia Robinson,outlook.com,True,True,False,True,30,11,36.7,,,2024-05-09 14:43:26
jturner@gmail.com,Jack Turner,gmail.com,True,True,True,True,46,6,13.0,active,2025-04-08 20:59:29,2024-02-22 21:23:35
julia.flores83@outlook.com,Julia Flores,outlook.com,True,True,False,False,36,31,86.1,,,2025-04-12 16:32:10
julia.smith@gmail.com,,gmail.com,True,False,True,False,0,0,0.0,active,2025-06-19 23:52:42,2024-01-24 17:47:17
julia.white82@dataflow.dev,Julia White,dataflow.dev,False,True,True,False,12,8,66.7,active,2024-09-22 19:50:02,2024-09-22 19:50:02
julia.wright61@ironclad.dev,,ironclad.dev,False,False,True,False,0,0,0.0,active,2025-06-15 09:46:59,2025-06-15 09:46:59
juliaanderson@protonmail.com,Julia Anderson,protonmail.com,True,True,False,True,65,50,76.9,,,2024-10-18 21:44:34
juliawhite@fusionworks.com,Julia White,fusionworks.com,False,True,False,False,47,29,61.7,,,2024-04-09 22:55:39
karen.allen@yahoo.com,Karen Allen,yahoo.com,True,True,True,False,65,53,81.5,unsubscribed,2024-04-01 08:32:11,2024-04-01 08:32:11
karen.jackson@gmail.com,Karen Jackson,gmail.com,True,True,True,False,74,54,73.0,active,2024-12-15 14:22:38,2024-12-15 14:22:38
karen.walker34@outlook.com,,outlook.com,True,False,True,False,0,0,0.0,active,2025-01-07 01:37:12,2025-01-07 01:37:12
klee@outlook.com,,outlook.com,True,False,True,False,0,0,0.0,active,2024-05-15 01:53:02,2024-05-15 01:53:02
kyle.carter4@cloudhub.net,Kyle Carter,cloudhub.net,False,True,False,False,56,7,12.5,,,2024-08-08 00:34:14
kyle.white3@novalabs.ai,Kyle White,novalabs.ai,False,True,True,False,11,1,9.1,active,2025-05-23 13:00:58,2025-03-27 05:38:28
kyleevans@protonmail.com,Kyle Evans,protonmail.com,True,True,True,False,77,38,49.4,active,2025-02-26 17:02:40,2025-02-26 17:02:40
lena.campbell83@techcorp.com,Lena Campbell,techcorp.com,False,True,True,False,30,20,66.7,active,2024-04-25 01:03:52,2024-04-25 01:03:52
lena.moore@icloud.com,,icloud.com,True,False,True,False,0,0,0.0,unsubscribed,2024-12-24 00:56:22,2024-12-24 00:56:22
lena.ramirez16@icloud.com,Lena Ramirez,icloud.com,True,True,False,False,50,41,82.0,,,2024-06-22 15:07:45
lena.stewart@greenleaf.org,,greenleaf.org,False,False,True,False,0,0,0.0,active,2024-03-25 15:27:13,2024-03-25 15:27:13
lena.young66@yahoo.com,,yahoo.com,True,False,True,False,0,0,0.0,active,2024-12-06 16:30:33,2024-12-06 16:30:33
lenaking@gmail.com,Lena King,gmail.com,True,True,True,False,42,12,28.6,active,2024-05-23 18:29:37,2024-01-07 04:02:21
lenawalker@cloudhub.net,,cloudhub.net,False,False,True,False,0,0,0.0,active,2024-01-31 14:19:35,2024-01-31 14:19:35
leo.mitchell@novalabs.ai,Leo Mitchell,novalabs.ai,False,True,False,False,48,32,66.7,,,2025-06-27 03:15:10
leomartinez@outlook.com,Leo Martinez,outlook.com,True,True,True,False,48,11,22.9,active,2024-07-16 02:02:46,2024-05-22 13:49:03
leoparker@gmail.com,,gmail.com,True,False,True,False,0,0,0.0,active,2024-12-03 06:43:34,2024-12-03 06:43:34
lyoung@outlook.com,Lena Young,outlook.com,True,True,True,True,47,18,38.3,active,2024-11-08 16:54:16,2024-03-16 13:31:14
marcus.king@hotmail.com,Marcus King,hotmail.com,True,True,True,False,12,1,8.3,active,2024-03-11 00:07:52,2024-03-02 10:35:29
marcusturner@novalabs.ai,Marcus Turner,novalabs.ai,False,True,True,False,17,7,41.2,active,2024-07-13 09:22:57,2024-07-13 09:22:57
mhernandez@novalabs.ai,,novalabs.ai,False,False,True,False,0,0,0.0,unsubscribed,2025-02-12 21:44:15,2025-02-12 21:44:15
mhill@outlook.com,,outlook.com,True,False,True,False,0,0,0.0,active,2025-01-15 12:38:01,2025-01-15 12:38:01
miaallen@greenleaf.org,Mia Allen,greenleaf.org,False,True,True,False,66,17,25.8,active,2024-12-23 00:48:44,2024-08-21 11:20:54
mmartinez@hotmail.com,Marcus Martinez,hotmail.com,True,True,False,False,42,22,52.4,,,2024-05-01 01:46:26
mstewart@hotmail.com,,hotmail.com,True,False,True,False,0,0,0.0,active,2024-12-04 09:00:08,2024-12-04 09:00:08
ncampbell@protonmail.com,Nina Campbell,protonmail.com,True,True,False,False,17,12,70.6,,,2024-07-25 18:38:58
nevans@icloud.com,Nina Evans,icloud.com,True,True,False,True,44,19,43.2,,,2024-03-06 14:08:15
ninastewart@yahoo.com,Nina Stewart,yahoo.com,True,True,True,True,48,24,50.0,active,2024-01-24 13:21:47,2024-01-24 13:21:47
nnguyen@protonmail.com,Nina Nguyen,protonmail.com,True,True,True,False,26,15,57.7,active,2024-10-04 13:20:01,2024-05-09 22:41:54
noah.campbell28@cloudhub.net,Noah Campbell,cloudhub.net,False,True,False,False,47,21,44.7,,,2025-06-09 20:11:43
noah.scott36@outlook.com,Noah Scott,outlook.com,True,True,True,False,29,13,44.8,active,2024-08-03 17:33:50,2024-08-03 17:33:50
noah.torres46@gmail.com,Noah Torres,gmail.com,True,True,False,False,9,5,55.6,,,2024-08-16 12:53:05
noah.wright@yahoo.com,Noah Wright,yahoo.com,True,True,False,True,38,17,44.7,,,2024-03-03 00:42:16
obrown@bluewave.tech,Oscar Brown,bluewave.tech,False,True,True,False,19,3,15.8,active,2025-02-12 07:21:25,2024-12-20 06:29:03
ojackson@gmail.com,,gmail.com,True,False,True,True,0,0,0.0,active,2024-02-01 19:57:48,2024-02-01 19:57:48
olivia.clark@techcorp.com,,techcorp.com,False,False,True,False,0,0,0.0,active,2024-01-12 15:48:27,2024-01-12 15:48:27
olivia.lee@greenleaf.org,Olivia Lee,greenleaf.org,False,True,True,False,68,36,52.9,active,2024-02-06 21:13:51,2024-02-06 21:13:51
olivia.morris96@hotmail.com,,hotmail.com,True,False,True,False,0,0,0.0,active,2025-02-25 02:08:12,2025-02-25 02:08:12
olivia.stewart@gmail.com,,gmail.com,True,False,True,False,0,0,0.0,active,2025-04-06 06:58:01,2025-04-06 06:58:01
olivia.torres@fusionworks.com,Olivia Torres,fusionworks.com,False,True,False,True,48,43,89.6,,,2024-02-26 01:18:10
olivia.white@ironclad.dev,Olivia White,ironclad.dev,False,True,False,False,55,31,56.4,,,2024-06-13 23:18:33
oliviakim@cloudhub.net,Olivia Kim,cloudhub.net,False,True,True,False,21,3,14.3,active,2024-04-17 06:02:38,2024-04-17 06:02:38
oliviaphillips@hotmail.com,Olivia Phillips,hotmail.com,True,True,True,True,7,4,57.1,active,2025-02-06 11:07:08,2025-02-06 11:07:08
oliviawright@gmail.com,Olivia Wright,gmail.com,True,True,False,False,72,26,36.1,,,2024-06-07 19:00:26
olopez@fusionworks.com,Oscar Lopez,fusionworks.com,False,True,False,True,75,64,85.3,,,2024-01-17 08:19:59
omoore@yahoo.com,Olivia Moore,yahoo.com,True,True,True,True,7,0,0.0,active,2024-04-09 19:12:26,2024-01-14 19:23:54
oroberts@ironclad.dev,,ironclad.dev,False,False,True,False,0,0,0.0,active,2025-05-16 20:02:41,2025-05-16 20:02:41
orobinson@hotmail.com,,hotmail.com,True,False,True,False,0,0,0.0,active,2024-06-03 00:49:44,2024-02-16 13:51:25
oscar.baker45@streamline.io,Oscar Baker,streamline.io,False,True,False,False,19,14,73.7,,,2024-01-02 11:52:43
oscar.evans13@hotmail.com,,hotmail.com,True,False,True,False,0,0,0.0,active,2025-02-10 14:52:15,2025-02-10 14:52:15
oscar.harris61@gmail.com,Oscar Harris,gmail.com,True,True,False,True,10,3,30.0,,,2024-02-03 13:28:51
oscar.parker@icloud.com,Oscar Parker,icloud.com,True,True,False,False,76,53,69.7,,,2025-02-08 13:00:04
oscaradams@dataflow.dev,Oscar Adams,dataflow.dev,False,True,False,False,69,19,27.5,,,2024-06-29 16:02:45
oscardavis@hotmail.com,Oscar Davis,hotmail.com,True,True,True,True,40,17,42.5,active,2024-11-10 10:31:15,2024-07-04 19:27:45
oscarking@streamline.io,Oscar King,streamline.io,False,True,False,False,59,40,67.8,,,2024-07-15 16:15:10
oscarwright@brightside.co,Oscar Wright,brightside.co,False,True,True,False,42,37,88.1,active,2024-02-24 00:57:56,2024-01-15 01:14:25
pallen@gmail.com,Petra Allen,gmail.com,True,True,True,True,43,18,41.9,unsubscribed,2024-04-20 11:34:31,2024-04-15 21:16:48
paul.green@brightside.co,Paul Green,brightside.co,False,True,False,False,36,10,27.8,,,2025-01-04 12:06:27
paul.nguyen32@outlook.com,Paul Nguyen,outlook.com,True,True,False,True,33,20,60.6,,,2024-06-28 00:06:23
paulbrown@yahoo.com,Paul Brown,yahoo.com,True,True,False,False,65,36,55.4,,,2024-10-19 09:22:51
paulthompson@protonmail.com,Paul Thompson,protonmail.com,True,True,True,False,62,15,24.2,active,2024-03-27 22:27:02,2024-01-13 06:34:52
paulwilson@gmail.com,,gmail.com,True,False,True,False,0,0,0.0,active,2024-08-29 06:08:14,2024-08-29 06:08:14
pkim@streamline.io,,streamline.io,False,False,True,True,0,0,0.0,active,2025-04-02 19:56:13,2024-08-21 12:59:51
qhernandez@cloudhub.net,Quinn Hernandez,cloudhub.net,False,True,True,False,78,56,71.8,active,2024-12-09 17:29:51,2024-07-30 01:33:23
quinn.flores36@icloud.com,Quinn Flores,icloud.com,True,True,True,False,48,8,16.7,active,2024-04-09 00:30:54,2024-02-27 20:03:58
quinn.garcia@outlook.com,Quinn Garcia,outlook.com,True,True,False,True,78,34,43.6,,,2024-03-21 18:39:39
quinn.nguyen@icloud.com,Quinn Nguyen,icloud.com,True,True,True,True,50,29,58.0,active,2024-04-08 05:16:06,2024-04-08 05:16:06
rdavis@novalabs.ai,Reed Davis,novalabs.ai,False,True,False,False,71,62,87.3,,,2024-11-28 12:21:34
reed.brown@dataflow.dev,,dataflow.dev,False,False,True,False,0,0,0.0,active,2025-05-11 06:31:44,2025-05-11 06:31:44
reed.hernandez@fusionworks.com,Reed Hernandez,fusionworks.com,False,True,True,False,5,4,80.0,active,2024-06-28 06:38:49,2024-06-09 19:21:15
reed.king@outlook.com,,outlook.com,True,False,True,False,0,0,0.0,active,2024-04-30 12:21:04,2024-04-30 12:21:04
reed.martin88@yahoo.com,Reed Martin,yahoo.com,True,True,True,False,71,52,73.2,active,2025-04-24 15:58:54,2025-01-25 00:15:42
reedallen@icloud.com,Reed Allen,icloud.com,True,True,False,True,40,5,12.5,,,2024-01-16 23:59:33
rosa.adams@outlook.com,Rosa Adams,outlook.com,True,True,False,True,77,9,11.7,,,2024-01-29 16:15:50
rosa.anderson@techcorp.com,Rosa Anderson,techcorp.com,False,True,True,False,12,3,25.0,active,2025-03-29 09:05:03,2024-04-05 20:29:45
rosa.kim45@novalabs.ai,Rosa Kim,novalabs.ai,False,True,True,True,59,9,15.3,active,2024-06-05 03:49:45,2024-02-04 01:49:40
rosa.parker@cloudhub.net,Rosa Parker,cloudhub.net,False,True,True,False,30,18,60.0,active,2025-03-12 21:18:53,2024-06-01 18:11:04
rosa.roberts@novalabs.ai,Rosa Roberts,novalabs.ai,False,True,False,False,55,14,25.5,,,2024-11-29 12:36:05
rosa.smith@icloud.com,,icloud.com,True,False,True,False,0,0,0.0,active,2024-05-15 19:15:23,2024-05-15 19:15:23
rosa.turner17@protonmail.com,Rosa Turner,protonmail.com,True,True,True,False,21,10,47.6,active,2024-04-10 11:02:26,2024-04-10 11:02:26
rosa.wright78@streamline.io,Rosa Wright,streamline.io,False,True,False,False,43,13,30.2,,,2024-08-04 08:23:14
rosalopez@gmail.com,,gmail.com,True,False,True,False,0,0,0.0,active,2024-09-21 23:23:56,2024-01-24 23:20:43
sam.davis22@hotmail.com,,hotmail.com,True,False,True,False,0,0,0.0,active,2024-05-11 10:25:42,2024-01-13 10:05:28
sam.king72@ironclad.dev,,ironclad.dev,False,False,True,True,0,0,0.0,active,2025-06-20 16:39:41,2024-02-12 21:15:41
sam.walker@hotmail.com,,hotmail.com,True,False,True,False,0,0,0.0,active,2025-03-11 00:50:23,2025-03-11 00:50:23
sam.wright@streamline.io,Sam Wright,streamline.io,False,True,True,False,26,20,76.9,active,2025-01-03 23:50:31,2024-08-18 15:56:39
samharris@dataflow.dev,,dataflow.dev,False,False,True,False,0,0,0.0,active,2024-12-15 22:24:18,2024-12-15 22:24:18
sammartin@bluewave.tech,Sam Martin,bluewave.tech,False,True,True,False,7,5,71.4,active,2024-09-08 20:25:09,2024-05-26 22:04:16
samroberts@gmail.com,Sam Roberts,gmail.com,True,True,False,False,20,10,50.0,,,2024-03-04 05:18:35
sasha.evans8@techcorp.com,Sasha Evans,techcorp.com,False,True,False,False,77,42,54.5,,,2024-01-16 09:37:08
sasha.hill81@hotmail.com,Sasha Hill,hotmail.com,True,True,False,False,60,13,21.7,,,2024-08-23 12:03:39
sasha.jackson@protonmail.com,Sasha Jackson,protonmail.com,True,True,False,True,17,12,70.6,,,2024-06-13 06:53:29
sasha.king49@outlook.com,Sasha King,outlook.com,True,True,False,False,54,11,20.4,,,2024-05-15 17:21:10
sasha.robinson@icloud.com,,icloud.com,True,False,True,False,0,0,0.0,active,2024-07-15 13:33:07,2024-07-15 13:33:07
sashamoore@sparkline.co,Sasha Moore,sparkline.co,False,True,True,False,49,18,36.7,active,2024-10-01 19:37:33,2024-10-01 19:37:33
shernandez@protonmail.com,Sam Hernandez,protonmail.com,True,True,True,True,18,9,50.0,active,2025-03-17 00:19:31,2024-01-22 23:31:07
shill@gmail.com,,gmail.com,True,False,True,False,0,0,0.0,active,2024-04-14 14:56:40,2024-04-14 14:56:40
shill@outlook.com,,outlook.com,True,False,True,False,0,0,0.0,active,2024-01-21 14:29:47,2024-01-21 14:29:47
shill@sparkline.co,Sasha Hill,sparkline.co,False,True,False,False,77,49,63.6,,,2025-05-12 12:42:55
tina.campbell@fusionworks.com,Tina Campbell,fusionworks.com,False,True,True,True,79,38,48.1,active,2024-01-09 09:21:46,2024-01-09 09:21:46
tinacampbell@greenleaf.org,Tina Campbell,greenleaf.org,False,True,True,True,13,4,30.8,active,2024-11-03 11:45:40,2024-02-09 19:32:13
tking@yahoo.com,Tyler King,yahoo.com,True,True,False,False,35,4,11.4,,,2025-04-30 16:58:49
trobinson@sparkline.co,Tina Robinson,sparkline.co,False,True,False,False,30,9,30.0,,,2024-09-06 05:18:12
tturner@outlook.com,Tina Turner,outlook.com,True,True,True,False,67,23,34.3,active,2024-05-24 08:08:08,2024-05-24 08:08:08
tyler.baker@outlook.com,Tyler Baker,outlook.com,True,True,True,False,79,44,55.7,active,2024-08-11 05:30:21,2024-08-11 05:30:21
tyler.morris@icloud.com,Tyler Morris,icloud.com,True,True,True,True,34,7,20.6,active,2024-12-01 05:24:18,2024-01-16 17:02:34
tyler.robinson32@gmail.com,,gmail.com,True,False,True,True,0,0,0.0,active,2025-03-03 18:39:34,2025-02-05 22:16:02
tylertorres@fusionworks.com,Tyler Torres,fusionworks.com,False,True,False,False,63,13,20.6,,,2025-06-23 00:09:31
ukim@yahoo.com,,yahoo.com,True,False,True,True,0,0,0.0,active,2025-06-29 03:28:24,2024-05-27 23:53:28
uma.campbell91@outlook.com,Uma Campbell,outlook.com,True,True,True,True,74,23,31.1,unsubscribed,2025-03-02 09:53:01,2024-01-15 00:30:58
umadavis@sparkline.co,Uma Davis,sparkline.co,False,True,True,True,57,10,17.5,active,2024-03-31 10:05:55,2024-03-31 10:05:55
ursula.clark34@icloud.com,,icloud.com,True,False,True,False,0,0,0.0,unsubscribed,2024-03-14 18:32:44,2024-03-14 18:32:44
ursulawalker@icloud.com,Ursula Walker,icloud.com,True,True,True,False,15,7,46.7,active,2024-04-12 04:26:44,2024-04-12 04:26:44
utaylor@hotmail.com,Uma Taylor,hotmail.com,True,True,True,False,17,8,47.1,unsubscribed,2025-01-02 20:08:15,2025-01-02 20:08:15
vcarter@bluewave.tech,Vic Carter,bluewave.tech,False,True,True,True,10,7,70.0,active,2024-08-04 18:53:07,2024-02-24 11:53:45
vera.harris@fusionworks.com,,fusionworks.com,False,False,True,False,0,0,0.0,active,2024-02-12 13:15:54,2024-02-12 13:15:54
vera.turner@outlook.com,Vera Turner,outlook.com,True,True,True,False,74,30,40.5,bounced,2024-09-02 06:21:39,2024-08-15 20:44:09
veraclark@techcorp.com,,techcorp.com,False,False,True,False,0,0,0.0,active,2025-02-28 11:17:36,2024-02-07 00:38:06
vic.harris43@dataflow.dev,Vic Harris,dataflow.dev,False,True,True,True,33,25,75.8,unsubscribed,2025-05-04 12:02:53,2024-01-23 21:58:03
vic.taylor@novalabs.ai,Vic Taylor,novalabs.ai,False,True,True,True,35,5,14.3,active,2025-03-04 19:00:10,2024-03-18 21:32:58
vicjackson@sparkline.co,Vic Jackson,sparkline.co,False,True,False,True,12,8,66.7,,,2024-02-09 21:19:14
victurner@greenleaf.org,Vic Turner,greenleaf.org,False,True,True,True,16,6,37.5,active,2024-07-31 10:48:52,2024-07-31 10:48:52
vmorris@protonmail.com,Vic Morris,protonmail.com,True,True,False,False,72,49,68.1,,,2024-03-14 12:16:13
wade.ramirez75@icloud.com,Wade Ramirez,icloud.com,True,True,False,False,52,28,53.8,,,2024-01-05 00:16:57
wade.stewart@yahoo.com,Wade Stewart,yahoo.com,True,True,True,False,17,2,11.8,active,2024-03-14 02:24:15,2024-03-14 02:24:15
wade.wright@outlook.com,Wade Wright,outlook.com,True,True,True,False,63,54,85.7,active,2025-01-09 11:45:14,2024-11-03 00:48:21
wadeharris@protonmail.com,,protonmail.com,True,False,True,False,0,0,0.0,active,2024-05-23 07:10:28,2024-05-23 07:10:28
wadeking@outlook.com,Wade King,outlook.com,True,True,True,True,37,22,59.5,unsubscribed,2025-06-06 08:43:09,2024-02-10 23:25:54
wadephillips@techcorp.com,,techcorp.com,False,False,True,False,0,0,0.0,active,2024-03-07 14:11:03,2024-03-07 14:11:03
wanderson@novalabs.ai,Wade Anderson,novalabs.ai,False,True,False,False,9,2,22.2,,,2024-09-22 03:06:11
wendy.moore@sparkline.co,,sparkline.co,False,False,True,False,0,0,0.0,active,2024-02-19 05:56:28,2024-02-19 05:56:28
wendy.turner@greenleaf.org,Wendy Turner,greenleaf.org,False,True,False,False,16,5,31.2,,,2025-04-02 08:36:54
xander.mitchell@outlook.com,,outlook.com,True,False,True,False,0,0,0.0,active,2025-02-04 21:49:15,2024-04-07 17:23:35
xander.white79@gmail.com,,gmail.com,True,False,True,False,0,0,0.0,active,2024-07-14 10:45:07,2024-07-14 10:45:07
xcampbell@gmail.com,Ximena Campbell,gmail.com,True,True,True,False,13,2,15.4,active,2024-04-02 12:54:13,2024-04-02 12:54:13
ximena.flores99@dataflow.dev,,dataflow.dev,False,False,True,False,0,0,0.0,active,2024-04-07 12:52:58,2024-04-07 12:52:58
ximena.hernandez@novalabs.ai,Ximena Hernandez,novalabs.ai,False,True,True,False,16,3,18.8,active,2024-02-09 12:32:44,2024-02-09 12:32:44
ximena.kim@protonmail.com,Ximena Kim,protonmail.com,True,True,False,False,18,7,38.9,,,2025-04-23 20:00:47
ximena.martin1@gmail.com,Ximena Martin,gmail.com,True,True,True,False,72,51,70.8,unsubscribed,2024-12-04 06:08:05,2024-05-22 20:10:30
ximena.wright65@ironclad.dev,Ximena Wright,ironclad.dev,False,True,True,False,16,12,75.0,active,2024-04-22 21:37:37,2024-04-22 21:37:37
ximenajones@brightside.co,,brightside.co,False,False,True,False,0,0,0.0,active,2025-01-25 08:32:50,2025-01-25 08:32:50
ximenamorris@sparkline.co,,sparkline.co,False,False,True,False,0,0,0.0,active,2025-02-13 01:26:34,2025-02-13 01:26:34
ximenatorres@fusionworks.com,,fusionworks.com,False,False,True,False,0,0,0.0,active,2025-02-03 00:15:49,2025-02-03 00:15:49
ximenawalker@greenleaf.org,Ximena Walker,greenleaf.org,False,True,False,False,23,12,52.2,,,2024-08-17 02:21:27
xking@icloud.com,Xander King,icloud.com,True,True,True,False,45,29,64.4,unsubscribed,2024-06-03 15:55:35,2024-06-03 15:55:35
yallen@yahoo.com,Yara Allen,yahoo.com,True,True,False,False,29,12,41.4,,,2024-02-25 06:52:56
yara.campbell91@gmail.com,Yara Campbell,gmail.com,True,True,False,False,6,1,16.7,,,2024-12-19 11:09:24
yara.roberts65@outlook.com,Yara Roberts,outlook.com,True,True,False,False,6,0,0.0,,,2025-03-14 22:15:47
ygreen@outlook.com,Yara Green,outlook.com,True,True,True,True,5,1,20.0,active,2025-04-22 15:41:51,2024-03-04 10:29:10
yuri.anderson@techcorp.com,Yuri Anderson,techcorp.com,False,True,False,False,28,8,28.6,,,2024-03-03 11:53:20
yuri.nelson39@outlook.com,Yuri Nelson,outlook.com,True,True,False,False,56,43,76.8,,,2025-06-24 21:49:35
zach.stewart@gmail.com,Zach Stewart,gmail.com,True,True,True,False,70,51,72.9,active,2025-01-08 13:15:15,2025-01-08 13:15:15
zach.thompson@gmail.com,Zach Thompson,gmail.com,True,True,True,True,27,17,63.0,active,2024-07-14 20:56:59,2024-01-17 02:32:12
zach.turner67@streamline.io,,streamline.io,False,False,True,False,0,0,0.0,active,2025-03-06 20:56:24,2025-03-06 20:56:24
zachevans@hotmail.com,Zach Evans,hotmail.com,True,True,False,True,20,17,85.0,,,2024-11-13 14:00:01
zallen@cloudhub.net,Zach Allen,cloudhub.net,False,True,True,False,20,2,10.0,active,2024-07-12 21:20:55,2024-07-12 21:20:55
zwilson@novalabs.ai,Zach Wilson,novalabs.ai,False,True,True,False,37,10,27.0,active,2024-04-25 01:41:57,2024-04-25 01:41:57
